{
  "trained_at": "2025-11-20T14:05:45.042498Z",
  "events": 23536,
  "feature_dim": 6,
  "best_k": 10,
  "user_profile": {
    "charlie": {
      "mean_hour": 11.510516826923077,
      "std_hour": 7.018554391219414
    },
    "bob": {
      "mean_hour": 11.49791169451074,
      "std_hour": 6.84707630108431
    },
    "svc-web": {
      "mean_hour": 11.68870099923136,
      "std_hour": 6.969292694716867
    },
    "svc-app02": {
      "mean_hour": 11.450116009280743,
      "std_hour": 6.75777072589457
    },
    "adm-john": {
      "mean_hour": 11.710928319623973,
      "std_hour": 7.1912670931462195
    },
    "diana": {
      "mean_hour": 11.578527062999113,
      "std_hour": 6.926205035790056
    },
    "svc-db": {
      "mean_hour": 11.644736842105264,
      "std_hour": 6.893817293866463
    },
    "helpdesk": {
      "mean_hour": 10.81257275902212,
      "std_hour": 6.688723871164278
    },
    "attacker1": {
      "mean_hour": 11.447635135135135,
      "std_hour": 6.91531505032504
    },
    "svc-backup": {
      "mean_hour": 11.556809024979854,
      "std_hour": 7.017891545439033
    },
    "alice": {
      "mean_hour": 11.481504127178233,
      "std_hour": 7.012951092986336
    },
    "svc-app01": {
      "mean_hour": 11.65682362330407,
      "std_hour": 7.040779299967763
    },
    "attacker2": {
      "mean_hour": 11.407528641571195,
      "std_hour": 6.9592601437481365
    },
    "administrator": {
      "mean_hour": 11.301866081229418,
      "std_hour": 7.067495424697073
    }
  },
  "cluster_dist": {
    "0": 1530,
    "1": 2419,
    "2": 2386,
    "3": 1545,
    "4": 1886,
    "5": 3329,
    "6": 3765,
    "7": 2527,
    "8": 3328,
    "9": 821
  }
}